id,gold,pred,score,kind
kb_pos_1,True,True,1.0,positive
kb_neg_2,False,False,0.0,contradiction
kb_pos_3,True,True,1.0,positive
kb_neg_4,False,False,0.0,contradiction
kb_pos_5,True,True,1.0,positive
kb_neg_6,False,False,0.0,contradiction
kb_pos_7,True,True,1.0,positive
kb_pos_8,True,True,1.0,positive
kb_pos_9,True,True,1.0,positive
kb_pos_10,True,True,1.0,positive
kb_pos_11,True,True,1.0,positive
kb_neg_12,False,Undetermined,0.0,contradiction
kb_pos_13,True,True,1.0,positive
kb_neg_14,False,False,0.0,contradiction
kb_pos_15,True,True,1.0,positive
kb_pos_16,True,True,1.0,positive
kb_neg_17,False,False,0.0,contradiction
kb_pos_18,True,True,1.0,positive
kb_pos_19,True,True,1.0,positive
kb_pos_20,True,True,1.0,positive
kb_neg_21,False,Undetermined,0.0,contradiction
kb_pos_22,True,True,1.0,positive
kb_pos_23,True,True,1.0,positive
kb_pos_24,True,True,1.0,positive
kb_pos_25,True,True,1.0,positive
kb_pos_26,True,True,1.0,positive
kb_pos_27,True,True,1.0,positive
kb_pos_28,True,True,1.0,positive
kb_pos_29,True,True,1.0,positive
kb_pos_30,True,True,1.0,positive
kb_neg_31,False,False,0.0,contradiction
kb_pos_32,True,True,1.0,positive
kb_neg_33,False,False,0.0,contradiction
kb_pos_34,True,True,1.0,positive
kb_neg_35,False,False,0.0,contradiction
kb_pos_36,True,True,1.0,positive
kb_pos_37,True,True,1.0,positive
kb_neg_38,False,False,0.0,contradiction
kb_pos_39,True,True,1.0,positive
kb_neg_40,False,False,0.0,contradiction
kb_pos_41,True,True,1.0,positive
kb_neg_42,False,False,0.0,contradiction
kb_pos_43,True,True,1.0,positive
kb_neg_44,False,Undetermined,0.0,contradiction
kb_pos_45,True,True,1.0,positive
kb_neg_46,False,Undetermined,0.0,contradiction
kb_pos_47,True,True,1.0,positive
kb_pos_48,True,True,1.0,positive
